/*
 *
 */
/*
INSERT INTO daily_diet (id, name) VALUES (1, 'temp1234');

INSERT INTO nutrient_item (id, name, rda, units, selectable) VALUES (1, 'Calories', 2200, 'cal', false);
INSERT INTO nutrient_item (id, name, rda, units, selectable) VALUES (2, 'Carbs', 225, 'g', false);
INSERT INTO nutrient_item (id, name, rda, units, selectable) VALUES (3, 'Fats', 55, 'g', false);
INSERT INTO nutrient_item (id, name, rda, units, selectable) VALUES (4, 'Protein', 75, 'g', false);
INSERT INTO nutrient_item (id, name, rda, units, selectable) VALUES (5, 'Fiber', 30, 'g', false);
INSERT INTO nutrient_item (id, name, rda, units, selectable) VALUES (6, 'Vitamin A', 3000, 'IU', true);
INSERT INTO nutrient_item (id, name, rda, units, selectable) VALUES (7, 'Vitamin B1', 1.2, 'mg', true);
INSERT INTO nutrient_item (id, name, rda, units, selectable) VALUES (8, 'Vitamin B2', 1.3, 'mg', true);
INSERT INTO nutrient_item (id, name, rda, units, selectable) VALUES (9, 'Vitamin B3', 16, 'mg', true);
INSERT INTO nutrient_item (id, name, rda, units, selectable) VALUES (10, 'Vitamin B5', 5, 'mg', true);
INSERT INTO nutrient_item (id, name, rda, units, selectable) VALUES (11, 'Vitamin B6', 1.3, 'mg', true);
INSERT INTO nutrient_item (id, name, rda, units, selectable) VALUES (12, 'Vitamin B9', 400, 'ug', true);
INSERT INTO nutrient_item (id, name, rda, units, selectable) VALUES (13, 'Vitamin B12', 2.25, 'ug', true);
INSERT INTO nutrient_item (id, name, rda, units, selectable) VALUES (14, 'Vitamin C', 90, 'mg', true);
INSERT INTO nutrient_item (id, name, rda, units, selectable) VALUES (15, 'Vitamin D', 15, 'ug', true);
INSERT INTO nutrient_item (id, name, rda, units, selectable) VALUES (16, 'Vitamin E', 15, 'ug', true);
INSERT INTO nutrient_item (id, name, rda, units, selectable) VALUES (17, 'Vitamin K', 120, 'ug', true);
INSERT INTO nutrient_item (id, name, rda, units, selectable) VALUES (18, 'Calcium', 1000, 'mg', true);
INSERT INTO nutrient_item (id, name, rda, units, selectable) VALUES (19, 'Choline', 15, 'ug', true);
INSERT INTO nutrient_item (id, name, rda, units, selectable) VALUES (20, 'Iron', 8, 'mg', true);
INSERT INTO nutrient_item (id, name, rda, units, selectable) VALUES (21, 'Omega-3', 400, 'ug', true);
INSERT INTO nutrient_item (id, name, rda, units, selectable) VALUES (22, 'Omega-6', 400, 'ug', true);
INSERT INTO nutrient_item (id, name, rda, units, selectable) VALUES (23, 'Magnesium', 400, 'mg', true);
INSERT INTO nutrient_item (id, name, rda, units, selectable) VALUES (24, 'Phosphorus', 2200, 'mg', true);
INSERT INTO nutrient_item (id, name, rda, units, selectable) VALUES (25, 'Potassium', 2200, 'mg', true);
INSERT INTO nutrient_item (id, name, rda, units, selectable) VALUES (26, 'Selenium', 2200, 'mg', true);
INSERT INTO nutrient_item (id, name, rda, units, selectable) VALUES (27, 'Sodium', 2200, 'mg', true);
INSERT INTO nutrient_item (id, name, rda, units, selectable) VALUES (28, 'Zinc', 11, 'mg', true);

INSERT INTO food_item (id, name) VALUES (1, 'Avacado');
INSERT INTO food_item (id, name) VALUES (2, 'Banana');
INSERT INTO food_item (id, name) VALUES (3, 'Black Beans');
INSERT INTO food_item (id, name) VALUES (4, 'Cashews');
INSERT INTO food_item (id, name) VALUES (5, 'Corn');
INSERT INTO food_item (id, name) VALUES (6, 'Walnuts');

INSERT INTO food_aggregate (id, FK_FOOD_ITEM_ID, amount) VALUES (1, 4, 2);

INSERT INTO daily_diet_food_aggregates (daily_diet_id, food_aggregates_id) VALUES (1, 1);

INSERT INTO nutrient_aggregate (id, FK_NUTRIENT_ITEM_ID, amount) VALUES (1, 7, 0.423);
INSERT INTO nutrient_aggregate (id, FK_NUTRIENT_ITEM_ID, amount) VALUES (2, 8, 0.058);
INSERT INTO nutrient_aggregate (id, FK_NUTRIENT_ITEM_ID, amount) VALUES (3, 9, 1.062);
INSERT INTO nutrient_aggregate (id, FK_NUTRIENT_ITEM_ID, amount) VALUES (4, 10, 0.86);
INSERT INTO nutrient_aggregate (id, FK_NUTRIENT_ITEM_ID, amount) VALUES (5, 11, 0.417);
INSERT INTO nutrient_aggregate (id, FK_NUTRIENT_ITEM_ID, amount) VALUES (6, 12, 25);
INSERT INTO nutrient_aggregate (id, FK_NUTRIENT_ITEM_ID, amount) VALUES (7, 16, 0.9);
INSERT INTO nutrient_aggregate (id, FK_NUTRIENT_ITEM_ID, amount) VALUES (8, 17, 34.1);
INSERT INTO nutrient_aggregate (id, FK_NUTRIENT_ITEM_ID, amount) VALUES (9, 18, 37);
INSERT INTO nutrient_aggregate (id, FK_NUTRIENT_ITEM_ID, amount) VALUES (10, 20, 6.68);

INSERT INTO food_item_nutrients (food_item_id, nutrients_id) VALUES (4, 1);
INSERT INTO food_item_nutrients (food_item_id, nutrients_id) VALUES (4, 2);
INSERT INTO food_item_nutrients (food_item_id, nutrients_id) VALUES (4, 3);
INSERT INTO food_item_nutrients (food_item_id, nutrients_id) VALUES (4, 4);
INSERT INTO food_item_nutrients (food_item_id, nutrients_id) VALUES (4, 5);
INSERT INTO food_item_nutrients (food_item_id, nutrients_id) VALUES (4, 6);
INSERT INTO food_item_nutrients (food_item_id, nutrients_id) VALUES (4, 7);
INSERT INTO food_item_nutrients (food_item_id, nutrients_id) VALUES (4, 8);
INSERT INTO food_item_nutrients (food_item_id, nutrients_id) VALUES (4, 9);
INSERT INTO food_item_nutrients (food_item_id, nutrients_id) VALUES (4, 10);
*/



